store_id,locality,delivery_location,pincode,latitude,longitude,coordinates,status,sla,sla_seconds,google_maps_url
mum_110_wh_hl_01,Airoli (Navi Mumbai),"Fire Brigade Building, Anna Saheb Patil Marg, Sector 3, Airoli, Navi Mumbai, Maharashtra 400708, India",400708,19.1558,72.9984,"19.1558, 72.9984",Active / Open,15 mins (896s),896,"https://www.google.com/maps/search/?api=1&query=19.1558,72.9984&query_place_id=ChIJQxKuxE2_5zsRK4hoqFIBZKM"
mum_127_wh_hl_01,Andheri East,"318 / 41, Andheri - Kurla Rd, Bhim Nagar, Andheri East, Mumbai, Maharashtra 400059, India",400069,19.1136,72.8697,"19.1136, 72.8697",Active / Open,7 mins (424s),424,"https://www.google.com/maps/search/?api=1&query=19.1136,72.8697&query_place_id=ChIJ994SATzI5zsRNbDgpulEkeA"
mum_256_wh_hl_01,Andheri West,"Seven, Bunglols Shiv Mandir, Shastri Nagar, Andheri West, Mumbai, Maharashtra 400053, India",400053,19.1363,72.8277,"19.1363, 72.8277",Active / Open,8 mins (466s),466,"https://www.google.com/maps/search/?api=1&query=19.1363,72.8277&query_place_id=ChIJNeErdRi25zsRPSucyjDjYNk"
mum_179_wh_hl_01,Bandra West,"4201, Bandra West, Mumbai, Maharashtra 400050, India",400050,19.0596,72.8295,"19.0596, 72.8295",Active / Open,10 mins (581s),581,"https://www.google.com/maps/search/?api=1&query=19.0596,72.8295&query_place_id=ChIJQS69FxXJ5zsR4XOhFEIHku8"
mum_066_wh_hl_01,Bhandup West,"F-346 Dreams The Mall, Station Rd, Bhandup (W, Sadan wadi, Bhandup West, Mumbai, Maharashtra 400078, India",400078,19.1511,72.9372,"19.1511, 72.9372",Active / Open,13 mins (794s),794,"https://www.google.com/maps/search/?api=1&query=19.1511,72.9372&query_place_id=ChIJ5WNimfm55zsRlC7IazNogVc"
mum_137_wh_hl_01,Bhayandar East (Golden Nest),"Silent Park, Sonam Sagar, Indira Nagar, Mira Bhayandar, Maharashtra 401105, India",401105,19.296,72.859,"19.2960, 72.8590",Active / Open,7 mins (434s),434,"https://www.google.com/maps/search/?api=1&query=19.296,72.859&query_place_id=ChIJs2xftTaw5zsRwPjmI3iEYd0"
mum_150_wh_hl_01,Bhayandar West,"WING-B, J B C Rd, Bhayandar, Sripal Nagar, Bhayandar West, Mira Bhayandar, Maharashtra 401101, India",401101,19.3015,72.8505,"19.3015, 72.8505",Active / Open,6 mins (373s),373,"https://www.google.com/maps/search/?api=1&query=19.3015,72.8505&query_place_id=ChIJ9SyXpNKx5zsR86JFuncpYb0"
mum_005_wh_hl_01,Bhendi Bazaar / Dongri,"XR4P+33H, IbrahimMerchant Rd, Mandvi, Mumbai, Maharashtra 400009, India",400009,18.9552,72.8352,"18.9552, 72.8352",Active / Open,13 mins (764s),764,"https://www.google.com/maps/search/?api=1&query=18.9552,72.8352&query_place_id=ChIJ__8zSDvO5zsRR2JpK-3w5co"
mum_144_wh_hl_01,Borivali East,"Green Park 1 Park West-4, GREEN PARK-1, Raheja Estate, Kulupwadi, Borivali East, Mumbai, Maharashtra 400066, India",400066,19.229,72.866,"19.2290, 72.8660",Active / Open,8 mins (451s),451,"https://www.google.com/maps/search/?api=1&query=19.229,72.866&query_place_id=ChIJ10mIXc6w5zsRj7yQLsByIPM"
mum_043_wh_hl_01,Borivali West,"mall court, 2016, near borivali, Shanti Nagar, Borivali West, Mumbai, Maharashtra 400092, India",400092,19.2307,72.8567,"19.2307, 72.8567",Active / Open,9 mins (542s),542,"https://www.google.com/maps/search/?api=1&query=19.2307,72.8567&query_place_id=ChIJyy4DOtew5zsRebrk2NkBWqI"
mum_189_wh_hl_01,Chembur,"Sunder Apartment, B-50, V N Purva Marg, near China Villa, Borla, Union Park, Chembur, Mumbai, Maharashtra 400071, India",400071,19.0522,72.8995,"19.0522, 72.8995",Active / Open,8 mins (469s),469,"https://www.google.com/maps/search/?api=1&query=19.0522,72.8995&query_place_id=ChIJnS3YsQLG5zsRIWraD2IXinc"
mum_012_wh_hl_01,Chembur East,"55, Siddharth Colony, Postal Colony, Chembur, Mumbai, Maharashtra 400071, India",400071,19.058,72.891,"19.0580, 72.8910",Active / Open,19 mins (1114s),1114,"https://www.google.com/maps/search/?api=1&query=19.058,72.891&query_place_id=ChIJtyOPiaPI5zsRBtJMWjMkxyk"
mum_126_wh_hl_01,Dadar / Prabhadevi,"2R9X+447, Dadar East, Dadar, Mumbai, Maharashtra 400014, India",400028,19.0178,72.8478,"19.0178, 72.8478",Active / Open,5 mins (300s),300,"https://www.google.com/maps/search/?api=1&query=19.0178,72.8478&query_place_id=ChIJjQT6YwDP5zsRmkFTNhBqHaQ"
mum_075_wh_hl_01,Dahisar West,"7V45+PJP, Rajesahaji Marg, Avdhut Nagar, Dahisar East, Mira Bhayandar, Mumbai, Maharashtra 400068, India",400068,19.257,72.859,"19.2570, 72.8590",Active / Open,10 mins (582s),582,"https://www.google.com/maps/search/?api=1&query=19.257,72.859&query_place_id=ChIJO8EtP_uw5zsR5LOunyr51Ug"
mum_102_wh_hl_01,Dombivli East (Manpada),"4, Patharli Rd, Dombivli, Naka, Mumbai, Kalyan, Maharashtra 421201, India",421201,19.215,73.098,"19.2150, 73.0980",Active / Open,14 mins (823s),823,"https://www.google.com/maps/search/?api=1&query=19.215,73.098&query_place_id=ChIJj7M6dI6V5zsRYLM5hRxgIwY"
mum_176_wh_hl_01,Dombivli West,"639G+4G9, Dr Nemade Galli, Dombivli, Juni, Dombivli West, Kalyan, Maharashtra 421202, India",421202,19.218,73.076,"19.2180, 73.0760",Active / Open,13 mins (777s),777,"https://www.google.com/maps/search/?api=1&query=19.218,73.076&query_place_id=ChIJdZSitiK-5zsRg0N0T6rI5y0"
mum_063_wh_hl_01,Ghansoli (Sector 8),"Venkateswara CHS, Jijamata Nagar, Ghansoli, Navi Mumbai, Maharashtra 400701, India",400701,19.124,73.003,"19.1240, 73.0030",Active / Open,7 mins (430s),430,"https://www.google.com/maps/search/?api=1&query=19.124,73.003&query_place_id=ChIJoTOXEbfA5zsRsLVT6AXHAvg"
mum_129_wh_hl_01,Goregaon East (Gokuldham),"B/42, Sai Marg, Gokuldham Colony, Aarey, Mumbai, Maharashtra 400063, India",400063,19.172,72.868,"19.1720, 72.8680",Active / Open,7 mins (398s),398,"https://www.google.com/maps/search/?api=1&query=19.172,72.868&query_place_id=ChIJJaRTx6a35zsRnsiy-AWXvA0"
mum_132_wh_hl_01,Goregaon West,"Sumit Samarth Arcade, F-1, Aarey Rd, near Chintamani Temple, Jawahar Nagar, Goregaon West, Mumbai, Maharashtra 400104, India",400062,19.1663,72.8484,"19.1663, 72.8484",Active / Open,20 mins (1173s),1173,"https://www.google.com/maps/search/?api=1&query=19.1663,72.8484&query_place_id=ChIJIawYQw235zsRXux6zf-tBl4"
mum_072_wh_hl_01,Grant Road / Gamdevi,"XR97+XPR, Tardeo Rd, Janata Nagar, Tardeo, Mumbai, Maharashtra 400034, India",400007,18.9699,72.8142,"18.9699, 72.8142",Active / Open,14 mins (866s),866,"https://www.google.com/maps/search/?api=1&query=18.9699,72.8142&query_place_id=ChIJqVYRKwDP5zsR85Nq76dQUuM"
mum_018_wh_hl_01,Juhu,"8, Juhu Tara Rd, opposite J W Marriot Hotel, Juhu Tara, Juhu, Mumbai, Maharashtra 400049, India",400049,19.102,72.827,"19.1020, 72.8270",Active / Open,15 mins (898s),898,"https://www.google.com/maps/search/?api=1&query=19.102,72.827&query_place_id=ChIJLeZxYr_J5zsRKhLe6YkYhhI"
mum_158_wh_hl_01,Kalbadevi / Marine Lines,"Darshan Building, 63/67, Atmaram Merchant Rd, Marine Lines East, Fanas Wadi, Kalbadevi, Mumbai, Maharashtra 400002, India",400002,18.9519,72.8281,"18.9519, 72.8281",Active / Open,11 mins (687s),687,"https://www.google.com/maps/search/?api=1&query=18.9519,72.8281&query_place_id=ChIJq5WUnSLO5zsRwI7vnwBJ1I0"
mum_203_wh_hl_01,Kalwa,"6X2X+77M, Kharegaon, Kalwa, Thane, Maharashtra 400605, India",400605,19.201,72.998,"19.2010, 72.9980",Active / Open,10 mins (582s),582,"https://www.google.com/maps/search/?api=1&query=19.201,72.998&query_place_id=ChIJhXEi7s2-5zsR47ov41lOSOA"
bom_045_wh_hl_01,Kalyan West (Syndicate),"Shree Tirupati Darshan, Rambaug, Kalyan, Maharashtra 421301, India",421301,19.243,73.135,"19.2430, 73.1350",Active / Open,9 mins (562s),562,"https://www.google.com/maps/search/?api=1&query=19.243,73.135&query_place_id=ChIJ1b_CSyuU5zsRyXgA5OcB_so"
mum_080_wh_hl_01,Kamothe,"PRATIK GEMS, 10, near HDFC Bank, Sector 35, Kamothe, Panvel, Maharashtra 410209, India",410209,19.023,73.089,"19.0230, 73.0890",Active / Open,14 mins (840s),840,"https://www.google.com/maps/search/?api=1&query=19.023,73.089&query_place_id=ChIJLSJOldfp5zsRXI_ErWz4sto"
mum_113_wh_hl_01,Kandivali West,"D-WING, Kandivali, Shankar Pada, Kandivali West, Mumbai, Maharashtra 400067, India",400067,19.2064,72.836,"19.2064, 72.8360",Active / Open,14 mins (854s),854,"https://www.google.com/maps/search/?api=1&query=19.2064,72.836&query_place_id=ChIJLcJLmMW25zsRgdZ8gN4Clc8"
mum_168_wh_hl_01,Kanjurmarg West,"N G Royal Park, Saikrupa Society, Indira Nagar, Kanjurmarg East, Mumbai, Maharashtra 400042, India",400078,19.131,72.932,"19.1310, 72.9320",Active / Open,22 mins (1317s),1317,"https://www.google.com/maps/search/?api=1&query=19.131,72.932&query_place_id=ChIJadJu0YjH5zsRET-8LcvaH8w"
mum_062_wh_hl_01,Kharghar (Sector 20),"G-42/1, Block G, Sector 12, Kharghar, Panvel, Maharashtra 410210, India",410210,19.043,73.069,"19.0430, 73.0690",Active / Open,8 mins (459s),459,"https://www.google.com/maps/search/?api=1&query=19.043,73.069&query_place_id=ChIJn2fOJhfC5zsRmx6nSVer-_k"
mum_108_wh_hl_01,Kopar Khairane (Sector 15),"603, Sector 8, Kopar Khairane, Navi Mumbai, Maharashtra 400709, India",400709,19.102,73.008,"19.1020, 73.0080",Active / Open,8 mins (507s),507,"https://www.google.com/maps/search/?api=1&query=19.102,73.008&query_place_id=ChIJE5YxntnA5zsR6Ztx2MoXW3k"
mum_901_wh_hl_01,Kurla West,"3VFM+3Q5 DEEPAK kumar, Vinobha Bhave Nagar, Kurla West, Kurla, Mumbai, Maharashtra 400070, India",400070,19.0726,72.8845,"19.0726, 72.8845",Active / Open,9 mins (556s),556,"https://www.google.com/maps/search/?api=1&query=19.0726,72.8845&query_place_id=ChIJadhDDADJ5zsRrqFCX9pCzBw"
mum_061_wh_hl_01,Mahim,"Aloo Paroo House, Mahim, Mumbai, Maharashtra 400016, India",400016,19.04,72.842,"19.0400, 72.8420",Active / Open,5 mins (300s),300,"https://www.google.com/maps/search/?api=1&query=19.04,72.842&query_place_id=ChIJB-QJuC3J5zsReaObjLv37qI"
mum_245_wh_hl_01,Malad East,"WING-C1, OMKAR SRA, Omkar SRA Rd, शांताराम तलाव, सिद्धेश्वर नगर, कोकणीपाडा, मालाड ईस्ट, मुंबई, महाराष्ट्र 400097, India",400097,19.183,72.86,"19.1830, 72.8600",Paused / Closed,Paused (Dispatch Window Closed),,"https://www.google.com/maps/search/?api=1&query=19.183,72.86&query_place_id=ChIJ3dVCAgC35zsR8NXKHz2O0wI"
mum_162_wh_hl_01,Malad West,"Malad, Malad Foot Over Brg, Malad, Vijaykar Wadi Industrial, Vijaykar Wadi, Malad West, Mumbai, Maharashtra 400064, India",400064,19.1874,72.8484,"19.1874, 72.8484",Active / Open,8 mins (492s),492,"https://www.google.com/maps/search/?api=1&query=19.1874,72.8484&query_place_id=ChIJsxl12eK25zsRdrhWrQyNXTE"
mum_159_wh_hl_01,Mira Road East,"New Rahul Tower, Mira Nursing Home Ln, Naya Nagar, Mira Road East, Mira Bhayandar, Maharashtra 401107, India",401107,19.2846,72.8596,"19.2846, 72.8596",Active / Open,9 mins (519s),519,"https://www.google.com/maps/search/?api=1&query=19.2846,72.8596&query_place_id=ChIJ_fIZ006w5zsRo-L_pRPNoL4"
mum_178_wh_hl_01,Mulund East,"WING-E, Arunoday Nagar, Mulund East, Mumbai, Maharashtra 400081, India",400081,19.17,72.966,"19.1700, 72.9660",Active / Open,9 mins (527s),527,"https://www.google.com/maps/search/?api=1&query=19.17,72.966&query_place_id=ChIJOW1Fc-m45zsRiRaZjfevmdo"
mum_104_wh_hl_01,Mulund West (LBS Marg),"WING-B, Chandraprabha Chs, Mulund, Mulund West, Mumbai, Maharashtra 400080, India",400080,19.175,72.949,"19.1750, 72.9490",Active / Open,29 mins (1749s),1749,"https://www.google.com/maps/search/?api=1&query=19.175,72.949&query_place_id=ChIJa9bLqvm45zsROL3xjcFKztI"
mum_160_wh_hl_01,Nalasopara East (Achole Rd),"CRCH+9GG, Nala Sopara, Damodar Nagar, Nalasopara East, Vasai-Virar, Maharashtra 401209, India",401209,19.421,72.829,"19.4210, 72.8290",Active / Open,9 mins (545s),545,"https://www.google.com/maps/search/?api=1&query=19.421,72.829&query_place_id=ChIJ-_FdQj-p5zsRhW4-LcK2JE8"
mum_133_wh_hl_01,Nalasopara West,"CR98+53M, St. Depot Rd, Nala Sopara, Lakshmiben Chedda Nagar, Nalasopara West, Vasai-Virar, Maharashtra 401203, India",401203,19.4182,72.8153,"19.4182, 72.8153",Active / Open,7 mins (418s),418,"https://www.google.com/maps/search/?api=1&query=19.4182,72.8153&query_place_id=ChIJdylTWFup5zsRuAR5WvxB5-E"
mum_010_wh_hl_01,Nerul (Navi Mumbai),"A-2, Kamaladevi Birajdar Marg, Nerul East, Sector 21, Nerul, Navi Mumbai, Maharashtra 400706, India",400706,19.033,73.0197,"19.0330, 73.0197",Active / Open,11 mins (657s),657,"https://www.google.com/maps/search/?api=1&query=19.033,73.0197&query_place_id=ChIJSzFkqcHD5zsRVDWdxb0KGHo"
mum_067_wh_hl_01,Panvel (Old / New),"JAI GANESH CHS, Forest Colony, Panvel, Maharashtra 410206, India",410206,18.991,73.118,"18.9910, 73.1180",Active / Open,8 mins (492s),492,"https://www.google.com/maps/search/?api=1&query=18.991,73.118&query_place_id=ChIJRTj1jWno5zsR1SOl2-v45us"
mum_025_wh_hl_01,Powai,"26, Ridge Rd, Sector C, Jalvayu Vihar, Powai, Mumbai, Maharashtra 400076, India",400076,19.1176,72.906,"19.1176, 72.9060",Active / Open,10 mins (598s),598,"https://www.google.com/maps/search/?api=1&query=19.1176,72.906&query_place_id=ChIJ9xDXF-TH5zsRXgmJVeeNrIc"
mum_109_wh_hl_01,Sanpada (Navi Mumbai),"3274+HQX, Sector 2 Sanpada Rd, Sector 2, Sanpada, Navi Mumbai, Maharashtra 400705, India",400705,19.064,73.007,"19.0640, 73.0070",Active / Open,9 mins (522s),522,"https://www.google.com/maps/search/?api=1&query=19.064,73.007&query_place_id=ChIJ5VVhPEXB5zsRrP7x-25O-L0"
mum_191_wh_hl_01,Santacruz East,"Bridge, 5, Datta Mandir Rd, Vakola, Santacruz East, Mumbai, Maharashtra 400055, India",400055,19.081,72.851,"19.0810, 72.8510",Active / Open,17 mins (1037s),1037,"https://www.google.com/maps/search/?api=1&query=19.081,72.851&query_place_id=ChIJpXhAGADJ5zsRbS8yFyZxsFQ"
mum_174_wh_hl_01,Seawoods / Karave,"Grand Central, 31-32, Seawood Fountain, Nerul East, Sector 30, Nerul, Navi Mumbai, Maharashtra 400706, India",400706,19.021,73.018,"19.0210, 73.0180",Active / Open,9 mins (569s),569,"https://www.google.com/maps/search/?api=1&query=19.021,73.018&query_place_id=ChIJVQkxn73D5zsRRBt7GoGwBPQ"
mum_011_wh_hl_01,Sion,"16/7, Rd Number 6, Sindhi Colony, Sion, Mumbai, Maharashtra 400022, India",400022,19.043,72.863,"19.0430, 72.8630",Active / Open,8 mins (485s),485,"https://www.google.com/maps/search/?api=1&query=19.043,72.863&query_place_id=ChIJoefPA9LI5zsR64PaWvR7kqs"
mum_103_wh_hl_01,Thane West (Ghodbunder Rd / Hiranandani Estate),"GANGOTRI GLACIAR, VIJAY NAGRI, कावेसर, ठाणे वेस्ट, ठाणे, महाराष्ट्र 400615, India",400607,19.256,72.973,"19.2560, 72.9730",Active / Open,6 mins (363s),363,"https://www.google.com/maps/search/?api=1&query=19.256,72.973&query_place_id=ChIJRfqj0ZS75zsRUC-Zt83E2Vk"
mum_190_wh_hl_01,Thane West (Kasarvadavali),"Kasarvadavali, Thane West Bldg No 3, Jasmine, Parijat Garden, Kasarvadavali, Thane West, Thane, Maharashtra 400615, India",400615,19.268,72.964,"19.2680, 72.9640",Active / Open,6 mins (353s),353,"https://www.google.com/maps/search/?api=1&query=19.268,72.964&query_place_id=ChIJOXaC89G75zsRtLbEVE7Ikg4"
mum_170_wh_hl_01,Thane West (Naupada),"9, Tembhi Naka, Aambe, Ghosale Lake, Thane, Maharashtra 400601, India",400602,19.1983,72.9781,"19.1983, 72.9781",Active / Open,8 mins (485s),485,"https://www.google.com/maps/search/?api=1&query=19.1983,72.9781&query_place_id=ChIJ7XcwLTu55zsR3cKrxkgSzso"
mum_037_wh_hl_01,Thane West (Wagle Estate),"97, Rd Number 18, Neheru Nagar, Wagle Industrial Estate, Thane West, Thane, Maharashtra 400604, India",400604,19.193,72.952,"19.1930, 72.9520",Active / Open,18 mins (1101s),1101,"https://www.google.com/maps/search/?api=1&query=19.193,72.952&query_place_id=ChIJDQJ11QW55zsRDIx8e0N4FiY"
mum_172_wh_hl_01,Ulwe (Sector 19),"24, Sector 23, Ulwe, Mumbai, Wahal, Maharashtra 410206, India",410206,18.977,73.033,"18.9770, 73.0330",Active / Open,10 mins (604s),604,"https://www.google.com/maps/search/?api=1&query=18.977,73.033&query_place_id=ChIJiVHeRyTD5zsRDSEWt6YYs-o"
mum_207_wh_hl_01,Vasai East,"9RMR+XQ Vasai-Virar, Maharashtra, India",401208,19.385,72.842,"19.3850, 72.8420",Paused / Closed,Paused (Dispatch Window Closed),,"https://www.google.com/maps/search/?api=1&query=19.385,72.842&query_place_id=Egs3SkZKOVJNUitYUSImOiQKCg2Q6o0LFaDOaisQChoUChIJe1jBa5Wu5zsRRVGqS6lTT4Y"
mum_117_wh_hl_01,Vasai West,"A10, Ambadi Rd, Jayraj Nagar, Sai Nagar, Vasai West, Vasai-Virar, Maharashtra 401202, India",401202,19.385,72.825,"19.3850, 72.8250",Active / Open,13 mins (777s),777,"https://www.google.com/maps/search/?api=1&query=19.385,72.825&query_place_id=ChIJlVptKrmu5zsRlrPzNNW13zg"
mum_016_wh_hl_02,Vashi (Navi Mumbai),"Shop No B2, 3 1, Juhu Nagar, Sector-16, Vashi, Navi Mumbai, Maharashtra 400703, India",400703,19.0771,72.9986,"19.0771, 72.9986",Active / Open,10 mins (583s),583,"https://www.google.com/maps/search/?api=1&query=19.0771,72.9986&query_place_id=ChIJiVDpRArB5zsRg7du4PAjSbM"
mum_148_wh_hl_01,Virar West (Global City),"FR65+MJR, Kolwadi, Vartak Ward, Virar West, Vasai-Virar, Maharashtra 401303, India",401303,19.462,72.809,"19.4620, 72.8090",Active / Open,8 mins (476s),476,"https://www.google.com/maps/search/?api=1&query=19.462,72.809&query_place_id=ChIJz-N9O4mp5zsR_BXBUAU9eP8"
mum_071_wh_hl_01,Worli Naka,"Sukhada Apartment Wing-A, 239, Dr Annie Besant Rd, B Wing, Worli Shivaji Nagar, Worli, Mumbai, Maharashtra 400030, India",400018,19.0068,72.818,"19.0068, 72.8180",Active / Open,11 mins (656s),656,"https://www.google.com/maps/search/?api=1&query=19.0068,72.818&query_place_id=ChIJ-WDiDJfO5zsRCBQ4MMhKUTc"
